RegionID,RegionName,MeanValue,MaxValue,MinValue,MedianValue,StdValue,VoxelCount,Volume_mm3
174,L-LBelt,0.7460328977058142,1.1180853843688965,0.0,0.8386698663234711,0.26291290303874965,820,820.0
126,L-PHA1,0.7297557969994878,1.0281237363815308,0.0,0.7641573548316956,0.2174381125613626,1281,1281.0
104,L-RI,0.7229525518979111,1.3066927194595337,0.0,0.7686021327972412,0.29895740229862966,1149,1149.0
168,L-Ig,0.713667305434033,1.203669786453247,0.0,0.8020157217979431,0.3156346550965609,841,841.0
120,L-H,0.707606645363931,1.3890652656555176,0.0,0.8442047238349915,0.35118806507165296,4527,4527.0
1127,R-PHA3,0.7030114095147372,1.0618391036987305,0.0,0.752906322479248,0.26132757811393026,1122,1122.0
1120,R-H,0.7008837152744338,1.1720212697982788,0.0,0.8469732105731964,0.3380853486629009,4110,4110.0
1155,R-PHA2,0.6857145494393685,1.0400758981704712,0.0,0.8107534646987915,0.30399784829300525,771,771.0
1024,R-A1,0.6818143744154285,1.3156076669692993,0.0,0.7924308180809021,0.42083246046614714,796,796.0
118,L-EC,0.6724880653214753,1.1865241527557373,0.0,0.7697721421718597,0.30391004170478675,2232,2232.0
103,L-52,0.6615609433864853,1.2991881370544434,0.0,0.8348608016967773,0.4181691889097693,725,725.0
129,L-STSdp,0.6613386047761903,1.2392349243164062,0.0,0.75018110871315,0.2557595374848764,1994,1994.0
1173,R-MBelt,0.6599073535673529,1.3137354850769043,0.0,0.7629975080490112,0.32891144034460446,1236,1236.0
1104,R-RI,0.658528344713195,1.4923734664916992,0.0,0.7400462627410889,0.42291556531076696,1334,1334.0
1101,R-OP1,0.6484142652492556,1.2325596809387207,0.0,0.808966189622879,0.361505567178904,1072,1072.0
155,L-PHA2,0.6453287326340879,0.9989880323410034,0.0,0.8049028515815735,0.3417190361578977,783,783.0
167,L-PoI1,0.6414257846088335,1.3021447658538818,0.0,0.7473630309104919,0.3671731829638691,1811,1811.0
1115,R-FOP2,0.6411524920982326,1.0776541233062744,0.0,0.7244099080562592,0.3070898020874345,720,720.0
1105,R-PFcm,0.6405559994482987,1.1579312086105347,0.0,0.7641940712928772,0.2883873889064261,1485,1485.0
1110,R-Pir,0.6349097647098015,1.0522618293762207,0.0,0.7836478054523468,0.3119575714201675,2044,2044.0
1126,R-PHA1,0.6229080809840425,1.00456964969635,0.0,0.7314268052577972,0.2825622420200968,1168,1168.0
110,L-Pir,0.6206033901634479,1.2873222827911377,0.0,0.7974966168403625,0.38343405686020793,2517,2517.0
1106,R-PoI2,0.6025418480038989,1.2043418884277344,0.0,0.7157195806503296,0.3344700142802922,2676,2676.0
114,L-FOP3,0.5952648061041107,1.0899416208267212,0.0,0.7360698878765106,0.3299857145030777,754,754.0
1130,R-STSvp,0.592026199411673,1.1222444772720337,0.0,0.7293590903282166,0.31684069260724435,2515,2515.0
1168,R-Ig,0.5917035955700616,1.3338818550109863,0.0,0.7872738838195801,0.44111164527413504,1077,1077.0
107,L-TA2,0.5831345434355282,1.126010775566101,0.0,0.7337431609630585,0.37990902081057937,1518,1518.0
11,L-PEF,0.5824617415767952,1.0029066801071167,0.0,0.6783476769924164,0.26690604643830107,1006,1006.0
1175,R-A4,0.5805441980434346,1.1866244077682495,0.0,0.7132592499256134,0.35232883948226046,3610,3610.0
1163,R-VVC,0.5789966729416084,1.147267460823059,0.0,0.6165804862976074,0.21008005295060858,2753,2753.0
1135,R-TF,0.5734671953138506,1.3321418762207031,0.0,0.7124482989311218,0.4257711698022847,4752,4752.0
136,L-TE2p,0.5683499702710583,1.3552583456039429,0.0,0.6194902062416077,0.3613350762415868,4115,4115.0
1178,R-PI,0.5655842684119119,0.9991242289543152,0.0,0.6787070333957672,0.2694231321971811,1058,1058.0
1103,R-52,0.5651693739727589,1.1640572547912598,0.0,0.749464750289917,0.39148262551410906,580,580.0
1028,R-STV,0.5635847279489562,0.8877387642860413,0.0,0.6765347123146057,0.26905439856970376,2294,2294.0
1107,R-TA2,0.56288649057067,1.0170570611953735,0.0,0.6743310689926147,0.30167964472134035,1726,1726.0
122,L-PeEc,0.5615942475297035,1.2437702417373657,0.0,0.6826634705066681,0.37808691707883063,4938,4938.0
1177,R-TE1m,0.5578698244244438,1.2228851318359375,0.0,0.736126184463501,0.3687183306602598,3429,3429.0
1125,R-A5,0.5531145416126513,1.142303466796875,0.0,0.695479154586792,0.32734752735328454,3881,3881.0
102,L-OP2-3,0.5521749230160267,1.1226507425308228,0.0,0.6888799071311951,0.3561220070263548,943,943.0
1174,R-LBelt,0.5519428549327228,1.1769870519638062,0.0,0.7432003617286682,0.3353991192803171,901,901.0
109,L-MI,0.551840917085264,1.0661133527755737,0.0,0.6449032723903656,0.26624172341080055,2102,2102.0
173,L-MBelt,0.5472078706115034,1.4438165426254272,0.0,0.6443393230438232,0.4181337807207294,1242,1242.0
24,L-A1,0.543532300501967,1.217461347579956,0.0,0.6635316610336304,0.34018315717639436,1023,1023.0
1114,R-FOP3,0.54281482444604,1.0279074907302856,0.0,0.6864827871322632,0.3207911039013633,614,614.0
135,L-TF,0.5425696901526388,1.383291244506836,0.0,0.6547034084796906,0.4372110757773405,3986,3986.0
1100,R-OP4,0.5379084422561846,1.3066911697387695,0.0,0.6640495657920837,0.37668972329118316,2409,2409.0
163,L-VVC,0.5370836340753282,1.1643500328063965,0.0,0.6037626266479492,0.23218941420646164,2487,2487.0
119,L-PreS,0.5355457584155815,1.0344420671463013,0.0,0.6440650820732117,0.3265017899182098,1817,1817.0
97,L-i6-8,0.5352597226324539,1.2875198125839233,0.0,0.5447401702404022,0.41003995247933483,1764,1764.0
10,L-FEF,0.5334315540214507,1.306004285812378,0.0,0.6225732564926147,0.36331525048908914,1787,1787.0
99,L-43,0.5333808461746451,1.598613977432251,0.0,0.6221495866775513,0.443994880327496,1889,1889.0
124,L-PBelt,0.5332266321387686,1.04585862159729,0.0,0.6740638613700867,0.3116500322091351,1719,1719.0
130,L-STSvp,0.5316981554353322,1.4182052612304688,0.0,0.6614880859851837,0.35993524198953386,2898,2898.0
1099,R-43,0.5310140271109576,1.326132893562317,0.0,0.6214334964752197,0.3574381334568805,1678,1678.0
1054,R-6d,0.5303150041023139,1.2059013843536377,0.0,0.6501960158348083,0.3862410183855834,2909,2909.0
1133,R-TE1p,0.5255787453029508,1.242577314376831,0.0,0.6382613480091095,0.36332263917778357,6010,6010.0
106,L-PoI2,0.5244197799866491,1.295208215713501,0.0,0.624580591917038,0.4076343928228896,2752,2752.0
176,L-STSva,0.5232981339430944,1.1185916662216187,0.0,0.6367415487766266,0.3619477417047307,1694,1694.0
128,L-STSda,0.5220106280095574,1.101141095161438,0.0,0.6559798419475555,0.33136491141673846,1944,1944.0
1167,R-PoI1,0.5220003221502373,1.4174336194992065,0.0,0.6742427945137024,0.40440636084063036,1835,1835.0
1132,R-TE1a,0.5216523044019087,0.9664593935012817,0.0,0.6826380491256714,0.2986374169805599,4180,4180.0
1102,R-OP2-3,0.5191896231239427,1.1422982215881348,0.0,0.6510762572288513,0.37450794028573264,792,792.0
1129,R-STSdp,0.5126677476825222,1.3173878192901611,0.0,0.5621811151504517,0.43190948813069496,2605,2605.0
1176,R-STSva,0.5059491511730448,1.0702670812606812,0.0,0.6372937560081482,0.3442431428068849,1900,1900.0
1148,R-PF,0.5037910969606538,1.0084646940231323,0.0,0.6285098195075989,0.31540692435439777,5251,5251.0
1124,R-PBelt,0.4991018321314988,1.0646347999572754,0.0,0.6135843992233276,0.35040602880907307,1439,1439.0
1122,R-PeEc,0.49623116753533436,1.198652744293213,0.0,0.5811101794242859,0.3304228939787364,4807,4807.0
1009,R-3b,0.49410453186502895,1.112518310546875,0.0,0.5644536912441254,0.3033441621715262,4350,4350.0
1136,R-TE2p,0.49100103825913816,1.3504284620285034,0.0,0.5371655821800232,0.3786495204595874,3040,3040.0
113,L-FOP1,0.4891238403092369,1.188317894935608,0.0,0.6007971167564392,0.36124825079114947,879,879.0
1166,R-pOFC,0.4890284403537441,1.2110306024551392,0.0,0.6112706661224365,0.3127003211811915,2951,2951.0
1112,R-AAIC,0.48900393121930724,0.8498286604881287,0.0,0.5771326422691345,0.26106147797317286,1691,1691.0
166,L-pOFC,0.4884079232357281,1.1796042919158936,0.0,0.5714976191520691,0.3232325376247514,2565,2565.0
53,L-3a,0.48764179747734054,1.1209347248077393,0.0,0.5663315057754517,0.32528159531216516,2247,2247.0
1153,R-VMV1,0.48408373127078524,0.8703556656837463,0.0,0.5256224274635315,0.1899473844810775,1219,1219.0
1121,R-ProS,0.48404431166674916,0.8257655501365662,0.0,0.6268230080604553,0.27463955008596946,1055,1055.0
9,L-3b,0.48241587435133343,1.2884434461593628,0.0,0.5081354975700378,0.3317021526943714,5451,5451.0
1147,R-PFop,0.48020712255667536,1.1825413703918457,0.0,0.6164001226425171,0.3219972184288446,1783,1783.0
101,L-OP1,0.4798042158749612,1.0498825311660767,0.0,0.5996094942092896,0.3290903954009277,1275,1275.0
1025,R-PSL,0.4761873449035698,1.0340478420257568,0.0,0.5944930911064148,0.33097985960165477,2759,2759.0
1154,R-VMV3,0.4761579991245409,0.7318882346153259,0.0,0.5166844725608826,0.14352853473834232,1242,1242.0
54,L-6d,0.4761186823001985,1.147640585899353,0.0,0.4736420214176178,0.42090263598150035,2916,2916.0
1134,R-TE2a,0.46890614602196157,1.3242591619491577,0.0,0.5195460319519043,0.3897087773424985,5753,5753.0
127,L-PHA3,0.4685101287729857,1.2821195125579834,0.0,0.5323678851127625,0.3777245278130226,2023,2023.0
115,L-FOP2,0.46594760298426263,1.1323070526123047,0.0,0.5685220956802368,0.34980563005972626,750,750.0
1118,R-EC,0.4652344088553962,1.1048978567123413,0.0,0.5797341167926788,0.33493638771974815,2254,2254.0
1113,R-FOP1,0.4643016089235588,0.9529762864112854,0.0,0.5697711110115051,0.2652374760563227,932,932.0
1097,R-i6-8,0.4632623565298315,1.0323879718780518,0.0,0.555914968252182,0.3043104593893096,2418,2418.0
100,L-OP4,0.4616431245934397,1.1467351913452148,0.0,0.5064484179019928,0.38305744003354036,2332,2332.0
1123,R-STGa,0.4607299986725319,0.8579995632171631,0.0,0.5710234642028809,0.2546505391920674,2187,2187.0
1128,R-STSda,0.4595392695109683,1.086476445198059,0.0,0.5367173552513123,0.3828988104381436,2389,2389.0
1139,R-TPOJ1,0.458116581048415,1.111712098121643,0.0,0.5416054129600525,0.36257056365708135,3938,3938.0
1056,R-6v,0.4554923643662521,1.1153581142425537,0.0,0.5135900676250458,0.32322053640894755,2516,2516.0
1051,R-1,0.4514536369839165,1.2810232639312744,0.0,0.4679855704307556,0.35543575734106236,5925,5925.0
67,L-8Av,0.44979991434154076,1.2387573719024658,0.0,0.5141128897666931,0.3442541863067501,4807,4807.0
153,L-VMV1,0.44374856742692037,0.7421801686286926,0.0,0.49772927165031433,0.18371374702558022,939,939.0
1137,R-PHT,0.441075822815929,0.9457508325576782,0.0,0.49748364090919495,0.33252720014956605,3410,3410.0
1012,R-55b,0.44011288477472504,0.975465714931488,0.0,0.549443244934082,0.31290422248319827,1537,1537.0
112,L-AAIC,0.43290762526238796,0.9930764436721802,0.0,0.5486085414886475,0.3169141791000964,1859,1859.0
105,L-PFcm,0.4316397901964208,0.8999912142753601,0.0,0.5239979326725006,0.3022677909738296,1486,1486.0
1018,R-FFC,0.42961008215186675,1.372489094734192,0.0,0.49033841490745544,0.29517545156165176,4402,4402.0
117,L-AIP,0.4269609473692666,1.022964596748352,0.0,0.5081964135169983,0.31749585245575596,1999,1999.0
12,L-55b,0.4250016583540807,1.1421606540679932,0.0,0.47101961076259613,0.3469816076066668,2422,2422.0
96,L-6a,0.42322840189256444,1.2200673818588257,0.0,0.47579047083854675,0.32677849329638875,4233,4233.0
1119,R-PreS,0.4231098911782464,1.1585288047790527,0.0,0.5108851194381714,0.3076618307345673,1558,1558.0
1044,R-6ma,0.4220868979133044,1.0644888877868652,0.0,0.49028968811035156,0.32277957761939674,4251,4251.0
1140,R-TPOJ2,0.4208557891436558,1.0789676904678345,0.0,0.5104089081287384,0.299020001387815,2068,2068.0
1141,R-TPOJ3,0.42063918624817115,0.8012182116508484,0.0,0.5095803737640381,0.22746775193485538,1277,1277.0
66,L-47m,0.4199574921544302,0.7154614329338074,0.0,0.5252051949501038,0.21691271820417274,799,799.0
38,L-23c,0.4193400473132507,0.895501971244812,0.0,0.49191880226135254,0.2434925748309735,2259,2259.0
1092,R-13l,0.41671732730739236,1.15532386302948,0.0,0.5300172567367554,0.30672907957134526,1757,1757.0
108,L-FOP4,0.41524111838470085,0.8691890835762024,0.0,0.5198437571525574,0.274858504107775,2522,2522.0
1109,R-MI,0.4140032570123998,0.9675952196121216,0.0,0.5216048061847687,0.2762280886257315,1960,1960.0
1037,R-5mv,0.4133305015365074,0.9450841546058655,0.0,0.42907971143722534,0.24736487614139277,1996,1996.0
1108,R-FOP4,0.40846632420250834,0.9832276701927185,0.0,0.4832882136106491,0.25718226307133074,1678,1678.0
139,L-TPOJ1,0.4030082170292554,0.949183464050293,0.0,0.5012649595737457,0.2943506470658668,2102,2102.0
8,L-4,0.3972479492290232,1.1864420175552368,0.0,0.4048553556203842,0.32401812324137635,10776,10776.0
175,L-A4,0.3971578573051441,1.1020885705947876,0.0,0.446634978055954,0.3302693263405441,3514,3514.0
1067,R-8Av,0.3970938424858987,0.9864813089370728,0.0,0.47635699808597565,0.27774453599423,5902,5902.0
116,L-PFt,0.3970037614880978,1.0552159547805786,0.0,0.40819522738456726,0.3253823461849612,1983,1983.0
147,L-PFop,0.39198991031430236,1.0192471742630005,0.0,0.42286011576652527,0.32974093988137154,1797,1797.0
1038,R-23c,0.38641299538997337,0.8876756429672241,0.0,0.44752225279808044,0.2212244863907325,2498,2498.0
1144,R-IP2,0.38357128350203096,0.9967751502990723,0.0,0.4229174554347992,0.3098287595600021,1861,1861.0
134,L-TE2a,0.38325635791957163,1.281324028968811,0.0,0.23241321742534637,0.3933712282518923,5691,5691.0
1149,R-PFm,0.38259683554345414,1.0597072839736938,0.0,0.4143903851509094,0.2876157653217414,8141,8141.0
25,L-PSL,0.3811614223551685,0.7997918725013733,0.0,0.4837850332260132,0.2580276252643232,2154,2154.0
169,L-FOP5,0.3809440751805485,0.8105286359786987,0.0,0.477376252412796,0.20961841962948022,1297,1297.0
1096,R-6a,0.38065117704500073,1.0593311786651611,0.0,0.3969842940568924,0.33066474316581645,3752,3752.0
18,L-FFC,0.3771438242442484,0.9271368980407715,0.0,0.42525798082351685,0.22777798377620959,3848,3848.0
73,L-8C,0.3755861138040442,1.3022823333740234,0.0,0.44098955392837524,0.2944074148877404,4085,4085.0
111,L-AVI,0.3753624399148349,0.9214596152305603,0.0,0.45667560398578644,0.28571549619674513,1446,1446.0
1098,R-s6-8,0.37034859557976374,0.7590439319610596,0.0,0.4499804526567459,0.26267712789794023,2132,2132.0
125,L-A5,0.3682652759132872,1.2805182933807373,0.0,0.27163320779800415,0.35503539802393996,3346,3346.0
92,L-13l,0.3677947203418714,0.9164389371871948,0.0,0.4596560001373291,0.27930423028698703,2429,2429.0
123,L-STGa,0.36701634075828704,0.9029614329338074,0.0,0.3959754407405853,0.3234888372667829,2509,2509.0
23,L-MT,0.36695604540497784,0.6325815320014954,0.0,0.4447794258594513,0.19106650663477195,620,620.0
55,L-6mp,0.3660841946976283,1.2246454954147339,0.0,0.3104258179664612,0.35700574630140663,3701,3701.0
41,L-24dv,0.3649279205005211,0.9291122555732727,0.0,0.40506356954574585,0.26584954050406057,1076,1076.0
177,L-TE1m,0.3644355975189442,1.1092805862426758,0.0,0.21082830429077148,0.3759152827100044,3339,3339.0
1047,R-7PC,0.36277617901898584,1.0681906938552856,0.0,0.4096623361110687,0.2815611685351126,3415,3415.0
44,L-6ma,0.36138761634419414,1.1253105401992798,0.0,0.36909717321395874,0.31913371662588835,3941,3941.0
1078,R-6r,0.36013177058491275,1.0279408693313599,0.0,0.4472261071205139,0.26454279522185853,3981,3981.0
1080,R-IFJp,0.3598276838441568,0.8922236561775208,0.0,0.3678288906812668,0.3246452170179569,740,740.0
132,L-TE1a,0.3589921423640918,1.0688223838806152,0.0,0.23175804316997528,0.3629023820260307,5227,5227.0
40,L-24dd,0.3574570508760935,0.9681251645088196,0.0,0.411598801612854,0.2530701927305792,2665,2665.0
2,L-MST,0.3571005107542284,0.7043485641479492,0.0,0.42297518253326416,0.21008169443732938,794,794.0
1066,R-47m,0.355717476235464,0.6292768716812134,0.0,0.4497581124305725,0.1924826602975068,781,781.0
172,L-TGv,0.3537237225474672,0.9938434958457947,0.0,0.2824994772672653,0.3438102356851703,3694,3694.0
1010,R-FEF,0.35323186756020286,0.9491337537765503,0.0,0.3356728255748749,0.30809242196539427,1889,1889.0
26,L-SFL,0.3528114457261307,0.7936251759529114,0.0,0.4179874360561371,0.25290445713538856,3873,3873.0
39,L-5L,0.35163363531177166,0.9624009728431702,0.0,0.3751133382320404,0.2892567700749672,2249,2249.0
1161,R-31pd,0.35114208386046275,0.6841173768043518,0.0,0.40841324627399445,0.16745509569420328,864,864.0
1138,R-PH,0.34994181003262176,0.725066065788269,0.0,0.4362446963787079,0.21620082604203558,3205,3205.0
51,L-1,0.34954387358013433,1.114371418952942,0.0,0.26576606929302216,0.3378137137060085,6590,6590.0
1008,R-4,0.34935928107257913,1.2008757591247559,0.0,0.3092228174209595,0.33543305091014564,10254,10254.0
1117,R-AIP,0.34445362604562957,0.9837846755981445,0.0,0.3067055940628052,0.32762124281694616,2542,2542.0
1023,R-MT,0.3434827528456377,0.696357250213623,0.0,0.41555681824684143,0.21088551449924994,1005,1005.0
1002,R-MST,0.34304731312090114,0.8064900040626526,0.0,0.4214087277650833,0.24374016622481248,1036,1036.0
78,L-6r,0.34191339020474804,0.8607834577560425,0.0,0.3853796124458313,0.2867954246826342,3029,3029.0
47,L-7PC,0.34116330902301334,0.9629355669021606,0.0,0.34748411178588867,0.2906972116971653,3151,3151.0
1169,R-FOP5,0.3397824790266642,0.9298518300056458,0.0,0.39229562878608704,0.25126037979980054,1365,1365.0
150,L-PGi,0.339338468650282,0.8104232549667358,0.0,0.42732539772987366,0.21497557386472316,4791,4791.0
131,L-TGd,0.33769943366243105,1.0009660720825195,0.0,0.37975940108299255,0.29518006250633544,10192,10192.0
52,L-2,0.3376039475476623,0.9941179752349854,0.0,0.3216859698295593,0.29819816345769445,4278,4278.0
1011,R-PEF,0.33662207734021904,0.7665080428123474,0.0,0.3900088965892792,0.282279418697859,1258,1258.0
133,L-TE1p,0.335640564426432,0.9417791962623596,0.0,0.2958252280950546,0.3196013024499537,7116,7116.0
56,L-6v,0.33547541433857897,1.1434743404388428,0.0,0.14955255389213562,0.36359438205512196,2075,2075.0
28,L-STV,0.3322777390387005,0.9034558534622192,0.0,0.36484794318675995,0.2765377485875891,2322,2322.0
32,L-23d,0.33204634817293865,0.6945364475250244,0.0,0.3659866154193878,0.20789760373807828,1261,1261.0
1041,R-24dv,0.328992997458739,0.8376982808113098,0.0,0.36061951518058777,0.24788183552870255,1349,1349.0
1055,R-6mp,0.3284975584392692,1.1643478870391846,0.0,0.19899597764015198,0.33953727686264124,3105,3105.0
81,L-IFSp,0.32836987388536,0.8116756081581116,0.0,0.3786470890045166,0.2664444330790348,1589,1589.0
1143,R-PGp,0.3278767603137579,0.666746199131012,0.0,0.41253313422203064,0.2082857662302506,3740,3740.0
1116,R-PFt,0.3274594485537132,1.0499951839447021,0.0,0.2035554200410843,0.33256611290450555,2039,2039.0
1053,R-3a,0.3273920975097547,1.1879717111587524,0.0,0.21758659183979034,0.3365169286183875,2286,2286.0
1150,R-PGi,0.32625345987641424,0.8931692242622375,0.0,0.36295634508132935,0.2803111708813232,4970,4970.0
141,L-TPOJ3,0.32526671710846466,0.5907244682312012,0.0,0.433734267950058,0.19916944931771005,1290,1290.0
162,L-31a,0.325172586148083,0.7468714118003845,0.0,0.3625524193048477,0.1795131137370874,1260,1260.0
49,L-VIP,0.3249528653274851,0.7806031107902527,0.0,0.38216911256313324,0.2527118016644291,1890,1890.0
148,L-PF,0.32460370135344907,1.0316251516342163,0.0,0.25596675276756287,0.3151770268084001,5457,5457.0
1049,R-VIP,0.3235946978210408,0.8008515238761902,0.0,0.37022870779037476,0.23140997057635188,1577,1577.0
152,L-V6A,0.3226352941340748,0.5679723620414734,0.0,0.38350826501846313,0.1867082679542027,904,904.0
59,L-a24pr,0.3222141197658267,0.6972540020942688,0.0,0.38117823004722595,0.16976274018684487,1095,1095.0
154,L-VMV3,0.3200425431127368,0.601226806640625,0.0,0.40676194429397583,0.21328381928485388,941,941.0
1164,R-25,0.319795279374971,0.9759763479232788,0.0,0.3526889383792877,0.22855920003818594,2235,2235.0
1039,R-5L,0.31931986252146993,0.8750889301300049,0.0,0.3539574146270752,0.2525491332202304,2327,2327.0
140,L-TPOJ2,0.31888364100091143,0.8947840332984924,0.0,0.36957216262817383,0.24399104009720857,1930,1930.0
1040,R-24dd,0.31865676174718005,0.8785065412521362,0.0,0.3525983840227127,0.24489989813965563,2820,2820.0
1151,R-PGs,0.31750287525725823,0.8274263739585876,0.0,0.3860122710466385,0.22935182378637647,3366,3366.0
1074,R-44,0.31659504391130283,0.6463836431503296,0.0,0.4004118740558624,0.2295977912123556,2589,2589.0
144,L-IP2,0.31563313980585445,0.7854927778244019,0.0,0.2971915602684021,0.2860077072048003,2102,2102.0
149,L-PFm,0.31470163881889673,0.8249859809875488,0.0,0.33906085789203644,0.25987062352382817,8220,8220.0
1131,R-TGd,0.31383105071560663,0.8711705207824707,0.0,0.3853081166744232,0.24979533873187743,10269,10269.0
151,L-PGs,0.3131845414633076,0.6158705949783325,0.0,0.38527052104473114,0.19355480672911513,4552,4552.0
84,L-46,0.3127724037135467,0.8402845859527588,0.0,0.32616713643074036,0.26991329903995526,4863,4863.0
31,L-POS1,0.3111940549679347,0.7681826949119568,0.0,0.3715934157371521,0.19427673576275867,2531,2531.0
1032,R-23d,0.3108004586109834,0.6776446104049683,0.0,0.330349862575531,0.13348033959664277,1513,1513.0
1160,R-VMV2,0.30974099088439017,0.6971775889396667,0.0,0.3381447196006775,0.24872533696100255,923,923.0
1060,R-p32pr,0.3097143117902766,0.8383579850196838,0.0,0.39953985810279846,0.21210859550817748,1305,1305.0
1031,R-POS1,0.30944496219091966,0.6512297987937927,0.0,0.3917025923728943,0.2036799903318084,2727,2727.0
93,L-OFC,0.30864944124271443,1.1636196374893188,0.0,0.21281266957521439,0.31841716700192524,4560,4560.0
98,L-s6-8,0.30728095834027447,0.7839692831039429,0.0,0.31311826407909393,0.26725679926511464,1336,1336.0
94,L-47s,0.30470046655051475,0.8394167423248291,0.0,0.3070884346961975,0.27267598455979697,2795,2795.0
46,L-7PL,0.30361317192782733,0.6990155577659607,0.0,0.34424152970314026,0.21996017523127298,1695,1695.0
80,L-IFJp,0.3031806576999145,1.1182833909988403,0.0,0.07560954988002777,0.3462874090238722,960,960.0
95,L-LIPd,0.30274580203534124,0.720060408115387,0.0,0.38002365827560425,0.22019676749734723,1008,1008.0
1026,R-SFL,0.3007651851325106,0.8318500518798828,0.0,0.3116295337677002,0.2689469251805789,3055,3055.0
43,L-SCEF,0.30045019751824914,1.0476570129394531,0.0,0.3131387382745743,0.26284067989422205,3500,3500.0
1042,R-7AL,0.2977017882599047,0.7835080623626709,0.0,0.3092773109674454,0.2542693879619271,2030,2030.0
57,L-p24pr,0.29755746495167057,0.6665066480636597,0.0,0.34030623733997345,0.18998457429630142,1422,1422.0
1083,R-p9-46v,0.29643459958848617,0.7609226703643799,0.0,0.33624282479286194,0.23851916404707252,4635,4635.0
1022,R-PIT,0.29566055902316957,0.590713620185852,0.0,0.3538120836019516,0.15560350522093283,1386,1386.0
137,L-PHT,0.295175210586596,0.85911625623703,0.0,0.3077234625816345,0.25472490952928023,4182,4182.0
82,L-IFSa,0.2946602734336761,0.714651882648468,0.0,0.3465152978897095,0.21528287961823672,2057,2057.0
1142,R-DVT,0.2946029407557242,0.7186347842216492,0.0,0.34484218060970306,0.19144916606558413,2176,2176.0
1172,R-TGv,0.2927290676029487,0.9437486529350281,0.0,0.14041879773139954,0.3086991241688448,4515,4515.0
1081,R-IFSp,0.2919230787773408,0.6977247595787048,0.0,0.35249869525432587,0.2308034256342286,1730,1730.0
121,L-ProS,0.29144625222193804,0.8038389086723328,0.0,0.23022055625915527,0.2782814551313362,1222,1222.0
7,L-V8,0.2911531625672881,0.5994822978973389,0.0,0.3596051335334778,0.18121376142947115,1361,1361.0
68,L-8Ad,0.29082240147914507,0.7548067569732666,0.0,0.342289075255394,0.225100032736181,3386,3386.0
1162,R-31a,0.2907938769408858,0.6414991617202759,0.0,0.3425329476594925,0.1621244862276609,1116,1116.0
14,L-RSC,0.2894757750832131,1.0447378158569336,0.0,0.2979750335216522,0.23853153876950234,2830,2830.0
16,L-V7,0.2875897444561657,0.5256783366203308,0.0,0.3398649990558624,0.1295508683107172,1005,1005.0
36,L-5m,0.2860915960127171,0.943126380443573,0.0,0.33107927441596985,0.20099442380182697,1483,1483.0
48,L-LIPv,0.28310649330698895,0.7057416439056396,0.0,0.3216931223869324,0.22124289428634344,1681,1681.0
1075,R-45,0.28278709394071433,0.6710212826728821,0.0,0.3295978009700775,0.20897467947077605,2962,2962.0
138,L-PH,0.28232474724557777,0.7822738885879517,0.0,0.33849677443504333,0.2335650957557079,3453,3453.0
1084,R-46,0.28201212676491605,0.8266487717628479,0.0,0.3240249902009964,0.2314443069087749,4394,4394.0
42,L-7AL,0.2812599215372371,0.7726190090179443,0.0,0.23660864681005478,0.25795117303742837,2134,2134.0
70,L-8BL,0.2803838468084306,0.7811814546585083,0.0,0.3114297389984131,0.23736704706764594,3377,3377.0
79,L-IFJa,0.27846803705976514,0.8501940965652466,0.0,0.25312256813049316,0.2627079960972835,1513,1513.0
1156,R-V4t,0.27799999922517876,0.605109453201294,0.0,0.3283764123916626,0.21869485022578034,1249,1249.0
1091,R-11l,0.27669680942022395,0.7285299301147461,0.0,0.3128136992454529,0.23731274248096615,3793,3793.0
1093,R-OFC,0.27603904187758044,1.171897292137146,0.0,0.18238134682178497,0.29247010445116045,5232,5232.0
1035,R-31pv,0.2756474980000819,0.6945339441299438,0.0,0.33779193460941315,0.20153799598678024,1022,1022.0
160,L-VMV2,0.2739330945310222,0.8099362850189209,0.0,0.28263187408447266,0.23255386142720072,639,639.0
1094,R-47s,0.2726165858426712,0.824817419052124,0.0,0.2456361949443817,0.25647185783618076,3080,3080.0
61,L-a24,0.272216401987263,0.5362682342529297,0.0,0.3195441663265228,0.1503466272057826,2085,2085.0
179,L-a32pr,0.2717034976687429,0.60041743516922,0.0,0.29706138372421265,0.1678975764916904,1759,1759.0
1014,R-RSC,0.27050862125455405,0.8203332424163818,0.0,0.2684379518032074,0.21234642939132659,3067,3067.0
1016,R-V7,0.2701064819607823,0.5989777445793152,0.0,0.3247796297073364,0.1571150136231106,1041,1041.0
1073,R-8C,0.2693571885681253,0.9699277877807617,0.0,0.1091867983341217,0.28878253836375495,3134,3134.0
60,L-p32pr,0.2693401491687524,0.7287794947624207,0.0,0.2965210974216461,0.2230533186299861,1569,1569.0
45,L-7Am,0.2690600629868552,0.6556409597396851,0.0,0.3083532154560089,0.1855883884367893,2995,2995.0
1085,R-a9-46v,0.2682734748274658,0.610745906829834,0.0,0.326906755566597,0.1923353580145355,2628,2628.0
37,L-5mv,0.2681636822823331,0.8735988736152649,0.0,0.1859281212091446,0.27140652988817887,1651,1651.0
74,L-44,0.26614974321972046,0.6924006938934326,0.0,0.17734435200691223,0.2653911154244101,2435,2435.0
1043,R-SCEF,0.26490668251663857,0.8786264061927795,0.0,0.2922540307044983,0.20812564417602095,3371,3371.0
91,L-11l,0.2646133335846417,0.6917837262153625,0.0,0.27765902876853943,0.23206497791595054,3531,3531.0
1052,R-2,0.26437432915558845,1.1672637462615967,0.0,0.07155568152666092,0.31298401114949914,4727,4727.0
143,L-PGp,0.26141600814452187,0.5479006171226501,0.0,0.3418704569339752,0.18414512960340673,2501,2501.0
178,L-PI,0.2611863243651722,0.9858642816543579,0.0,0.03769806772470474,0.32776486572598407,1033,1033.0
1046,R-7PL,0.2575766644024906,0.6837307810783386,0.0,0.29163241386413574,0.20406185617574438,1363,1363.0
1057,R-p24pr,0.2559294130198792,0.6640892624855042,0.0,0.2766600698232651,0.15936624174139843,1724,1724.0
1158,R-V3CD,0.2554190931199428,0.6019030809402466,0.0,0.2965647280216217,0.16338541402334233,1222,1222.0
1034,R-d23ab,0.25538782532887694,0.4219323396682739,0.0,0.29754774272441864,0.10939873010258672,1106,1106.0
19,L-V3B,0.2553681616648337,0.4405873417854309,0.0,0.3130853474140167,0.13108984150766984,639,639.0
1065,R-10r,0.25406479891603534,0.4850752651691437,0.0,0.29192033410072327,0.1562175376337388,1053,1053.0
1076,R-47l,0.2522656600420703,0.5470485687255859,0.0,0.29654359817504883,0.19362228247307006,2592,2592.0
1146,R-IP0,0.25223487691945884,0.6201549172401428,0.0,0.32261669635772705,0.1945625784723146,1239,1239.0
75,L-45,0.2521883049980665,0.7212252020835876,0.0,0.2259274572134018,0.23466372607341066,3762,3762.0
1165,R-s32,0.25115484725341636,0.4795762300491333,0.0,0.2809927761554718,0.15185218233150904,1015,1015.0
20,L-LO1,0.25017991825472374,0.5288008451461792,0.0,0.2877418100833893,0.1898363684092417,619,619.0
1077,R-a47r,0.24935869525109514,0.5643113255500793,0.0,0.30259186029434204,0.18907705874092046,3763,3763.0
1082,R-IFSa,0.24904114904866986,0.5790297389030457,0.0,0.2866315245628357,0.19314059954939006,2641,2641.0
1045,R-7Am,0.24881904965453794,0.6565037369728088,0.0,0.2615225911140442,0.20285813777088646,2379,2379.0
27,L-PCV,0.24844716347959866,0.6525465250015259,0.0,0.2736310064792633,0.17669518318316338,2245,2245.0
35,L-31pv,0.2481941988096208,0.6805974245071411,0.0,0.2119932323694229,0.23679814057515058,950,950.0
1021,R-LO2,0.24525366124917966,0.5067697167396545,0.0,0.3038782328367233,0.17634552526639227,1062,1062.0
1157,R-FST,0.24278314233309603,0.8661887645721436,0.0,0.13796107470989227,0.26258730248142204,1683,1683.0
5,L-V3,0.24239534460326514,0.601225733757019,0.0,0.2784876972436905,0.1689755489608717,7106,7106.0
1027,R-PCV,0.2423943738311014,0.5462529063224792,0.0,0.27124376595020294,0.1560252057858856,2416,2416.0
158,L-V3CD,0.24213034979679024,0.488314151763916,0.0,0.29924915730953217,0.16649347948770893,876,876.0
142,L-DVT,0.2417091801325822,0.7129378914833069,0.0,0.24444977939128876,0.1990408354423716,1806,1806.0
71,L-9p,0.24158519368422798,0.6600244045257568,0.0,0.23672151565551758,0.20811464614485384,3426,3426.0
69,L-9m,0.23994362523580062,0.708440363407135,0.0,0.27121640741825104,0.17486130089727922,6338,6338.0
164,L-25,0.23859899536459458,0.7760326862335205,0.0,0.26848891377449036,0.21188351349966544,1912,1912.0
76,L-47l,0.23812963849182447,0.7491937279701233,0.0,0.20896287262439728,0.22198249284715726,2527,2527.0
34,L-d23ab,0.23748409544017343,0.5685083866119385,0.0,0.29731664061546326,0.15431103212213135,1607,1607.0
1005,R-V3,0.23610160951053183,0.6274336576461792,0.0,0.2642830014228821,0.17915656821917592,7481,7481.0
1179,R-a32pr,0.23543456280785188,0.5144700407981873,0.0,0.25517985224723816,0.1730172804014239,1118,1118.0
1095,R-LIPd,0.23480512380307397,0.8380879163742065,0.0,0.12455377727746964,0.24547945251000383,869,869.0
161,L-31pd,0.23453319824143326,0.6904160976409912,0.0,0.24599174410104752,0.20138908878408568,1428,1428.0
1111,R-AVI,0.23365675914208492,0.9062129259109497,0.0,0.026448859833180904,0.27222521116734855,1792,1792.0
1171,R-p47r,0.23302523454023613,0.5291035175323486,0.0,0.27352771162986755,0.17306750868621634,1761,1761.0
1068,R-8Ad,0.23283017291014205,0.6259749531745911,0.0,0.21292206645011902,0.21008254663140669,3492,3492.0
85,L-a9-46v,0.23262038245821764,0.7439200282096863,0.0,0.18056835234165192,0.2252720977254804,3314,3314.0
63,L-8BM,0.2316544380091209,0.7310835123062134,0.0,0.2592378556728363,0.1977953362178576,3122,3122.0
157,L-FST,0.23152186485293685,0.5601404309272766,0.0,0.2380383461713791,0.2031422114498779,1324,1324.0
1059,R-a24pr,0.23119565980783688,0.5470987558364868,0.0,0.24969276040792465,0.1514604829574404,1474,1474.0
86,L-9-46d,0.23119370271010528,0.788991391658783,0.0,0.24548859149217606,0.19432764692736948,4534,4534.0
1152,R-V6A,0.2298697197349824,0.6273655891418457,0.0,0.22108817845582962,0.18754922256866968,734,734.0
13,L-V3A,0.2295262680149269,0.5750200748443604,0.0,0.2523401975631714,0.18770336510425714,2191,2191.0
1050,Unknown_1050,0.22901017385287456,0.7254784107208252,0.0,0.19014917314052582,0.2198613214331306,2403,2403.0
1061,R-a24,0.22752859190662933,0.5428091287612915,0.0,0.24147583544254303,0.15312362428732754,2152,2152.0
15,L-POS2,0.22658687939344105,0.5227802991867065,0.0,0.27034974098205566,0.15398914908683153,3261,3261.0
33,L-v23ab,0.22566919804297644,0.4508395791053772,0.0,0.2783361077308655,0.13938876105269454,916,916.0
1007,R-V8,0.22330139918406394,0.5791219472885132,0.0,0.23081012070178986,0.19458176229140164,1175,1175.0
180,L-p24,0.22328485742891355,0.49019989371299744,0.0,0.2476816102862358,0.14975705383331722,2394,2394.0
1020,R-LO1,0.2223211484138204,0.5441980361938477,0.0,0.19033735990524292,0.20298889804149148,909,909.0
1048,R-LIPv,0.22164824267716654,0.8562822937965393,0.0,0.13419337570667267,0.23538106615179202,1783,1783.0
4,L-V2,0.2198428662219614,0.983563244342804,0.0,0.21755388379096985,0.1933033841488855,9515,9515.0
87,L-9a,0.21957865550141775,0.6091800332069397,0.0,0.2290695235133171,0.18794734756087086,3706,3706.0
17,L-IPS1,0.21946585932604917,0.5871404409408569,0.0,0.18135446310043335,0.20626129156269066,1751,1751.0
1036,R-5m,0.2174045977621235,0.6601539850234985,0.0,0.2264009565114975,0.17595256513626967,2079,2079.0
1070,R-8BL,0.216431106548881,0.5873151421546936,0.0,0.21459561586380005,0.1952572520735066,4078,4078.0
6,L-V4,0.21623397345206544,0.49030834436416626,0.0,0.26978324353694916,0.15104362277358274,4782,4782.0
83,L-p9-46v,0.21590685664915613,0.8008533716201782,0.0,0.049664370715618134,0.2516460468550874,2871,2871.0
30,L-7m,0.21505815343463933,0.4410567283630371,0.0,0.24742978811264038,0.1383541448000455,2128,2128.0
156,L-V4t,0.21385742790477874,0.538011908531189,0.0,0.1591414213180542,0.20846468118984116,1037,1037.0
1064,R-p32,0.2124523716730246,0.46402662992477417,0.0,0.23933930695056915,0.16068364639324473,1765,1765.0
77,L-a47r,0.2086933077449133,0.6052161455154419,0.0,0.09737562388181686,0.2233606584873418,4167,4167.0
1033,R-v23ab,0.20805423096858955,0.530255913734436,0.0,0.23504720628261566,0.13610365565887425,1089,1089.0
1004,R-V2,0.20662732769287276,0.8614742755889893,0.0,0.20208515226840973,0.17101877167474638,9420,9420.0
1017,R-IPS1,0.20547702468848314,0.5831725597381592,0.0,0.2167433649301529,0.17233808463410513,1750,1750.0
88,L-10v,0.2041600985539815,0.6950302720069885,0.0,0.17518921196460724,0.19411848148357846,3906,3906.0
1086,R-9-46d,0.20366670488622346,0.5656480193138123,0.0,0.22585172206163406,0.1724454330645216,4666,4666.0
65,L-10r,0.20115043048382417,0.5569820404052734,0.0,0.19395308196544647,0.17869167837870475,1589,1589.0
171,L-p47r,0.19967510537622368,0.6179640293121338,0.0,0.11433229595422745,0.20615685046948073,2133,2133.0
72,L-10d,0.19808291789518923,0.5544579029083252,0.0,0.18872755765914917,0.1855828813870702,3644,3644.0
1145,R-IP1,0.1972530747152766,0.6458937525749207,0.0,0.08639155700802803,0.21458345860175215,1632,1632.0
1062,R-d32,0.1956772470455547,0.46119236946105957,0.0,0.21561310440301895,0.14521378326034792,2374,2374.0
1180,R-p24,0.19558576745915948,0.441791296005249,0.0,0.21972302347421646,0.1316699490488311,2442,2442.0
145,L-IP1,0.19535798629546403,0.5344883799552917,0.0,0.13726426661014557,0.19361233013394122,1692,1692.0
1170,R-p10p,0.19241149155336248,0.5170373916625977,0.0,0.21492181718349457,0.15709261603080207,2365,2365.0
1063,R-8BM,0.1923673169526337,0.5333329439163208,0.0,0.20743627101182938,0.149207686501412,3436,3436.0
89,L-a10p,0.18598816604615123,0.5487022995948792,0.0,0.1535351723432541,0.1765761348895425,1964,1964.0
50,L-MIP,0.18569163457450252,0.6507672667503357,0.0,0.05170902609825134,0.21557723926071315,1872,1872.0
1079,R-IFJa,0.1854160820689132,0.7778008580207825,0.0,0.014761331491172314,0.2265008320331776,1405,1405.0
1006,R-V4,0.18526340852626774,0.5201832056045532,0.0,0.18693679571151733,0.16577277087268458,4537,4537.0
1058,R-33pr,0.1838750584437841,0.5745550990104675,0.0,0.2042088508605957,0.13863324771293986,1316,1316.0
21,L-LO2,0.18297960513135228,0.5177353024482727,0.0,0.10840011388063431,0.1872804125945389,1179,1179.0
1159,R-LO3,0.17923110654931312,0.707554817199707,0.0,0.030455879867076874,0.22050728281726653,915,915.0
1089,R-a10p,0.17908562354759758,0.465209037065506,0.0,0.16291508078575134,0.16126963822791457,1748,1748.0
22,L-PIT,0.17676791178479448,0.512610137462616,0.0,0.1498788520693779,0.1666046688712286,1392,1392.0
1030,R-7m,0.17660189883113192,0.4428989291191101,0.0,0.20459868013858795,0.11726370380912386,2067,2067.0
1087,R-9a,0.1762625046328242,0.46129658818244934,0.0,0.168188638985157,0.15863725108364993,3048,3048.0
1071,R-9p,0.17560290479175358,0.5541450381278992,0.0,0.11244868114590645,0.17559734981976677,2488,2488.0
29,L-7Pm,0.1748216978944967,0.5595487952232361,0.0,0.18943588435649872,0.12835729684064207,1601,1601.0
170,L-p10p,0.17406078826152122,0.535283625125885,0.0,0.14173574000597,0.17015706550201853,2116,2116.0
1088,R-10v,0.1725978582404122,0.5778259634971619,0.0,0.16937169432640076,0.15593693167604783,2667,2667.0
1029,R-7Pm,0.1712778741911674,0.5222702622413635,0.0,0.18150168657302856,0.13033099007432516,1308,1308.0
1015,R-POS2,0.16899178346493562,0.5159380435943604,0.0,0.17014245688915253,0.1443000561930915,3093,3093.0
1090,R-10pp,0.1685121116124229,0.5075653195381165,0.0,0.0720333531498909,0.1821038007442502,2487,2487.0
1001,R-V1,0.16481568384469975,0.766283392906189,0.0,0.13389023393392563,0.1605639099104639,13406,13406.0
1003,R-V6,0.1630801425423554,0.5333415865898132,0.0,0.08621906489133835,0.17259614308370438,1559,1559.0
62,L-d32,0.1606579647698544,0.6064004302024841,0.0,0.07187176495790482,0.17931978161045256,2228,2228.0
1069,R-9m,0.1575938752171083,0.4933059513568878,0.0,0.14981943368911743,0.14254200227450622,5881,5881.0
1019,R-V3B,0.15651204799459664,0.5294771194458008,0.0,0.04545525833964348,0.176431338765987,731,731.0
1072,R-10d,0.15143285608327123,0.4741828441619873,0.0,0.06936755031347275,0.16320660733159043,3096,3096.0
90,L-10pp,0.1463716415794478,0.5979701280593872,0.0,0.0,0.18733046025026753,1997,1997.0
3,L-V6,0.1461891331075059,0.5593559145927429,0.0,0.026278499513864517,0.17443776863580102,1402,1402.0
1,L-V1,0.14585024437439664,0.8471150994300842,0.0,0.11734870076179504,0.1486703407681079,13812,13812.0
159,L-LO3,0.1424713085648592,0.5659440755844116,0.0,0.0,0.19010030483371604,438,438.0
58,L-33pr,0.1408957256492504,0.5332409143447876,0.0,0.11999011412262917,0.14471066988445452,1354,1354.0
1013,R-V3A,0.13912485730605434,0.5147642493247986,0.0,0.04123684577643871,0.16292378625473433,2212,2212.0
146,L-IP0,0.13465896669162156,0.46306705474853516,0.0,0.0,0.17179090480748255,1203,1203.0
64,L-p32,0.1192176306564869,0.5564946532249451,0.0,0.0,0.16828876419917896,1180,1180.0
165,L-s32,0.11290938436274478,0.5029311180114746,0.0,0.0,0.1648214617391088,604,604.0
